event_name,tp_pct,sl_pct,long_exit_reason,short_exit_reason,first_side_to_hit,long_pnl_pct,short_pnl_pct,combined_pnl_pct,combined_pnl_pct_after_fees,long_mfe_pct,long_mae_pct,short_mfe_pct,short_mae_pct,ambiguous_bar,event_type
CPI_Dec2024,0.5,0.5,tp,sl,long,0.5,-0.5,0.0,0.0,0.560393,-0.024622,0.024622,-0.560393,False,CPI
CPI_Dec2024,0.5,1.0,tp,sl,long,0.5,-1.0,-0.5,-0.5,0.560393,-0.024622,0.024622,-2.073892,False,CPI
CPI_Dec2024,0.5,1.5,tp,sl,long,0.5,-1.5,-1.0,-1.0,0.560393,-0.024622,0.024622,-2.073892,False,CPI
CPI_Dec2024,0.5,2.0,tp,sl,long,0.5,-2.0,-1.5,-1.5,0.560393,-0.024622,0.024622,-2.073892,False,CPI
CPI_Dec2024,1.0,0.5,tp,sl,long,1.0,-0.5,0.5,0.5,2.073892,-0.024622,0.024622,-0.560393,False,CPI
CPI_Dec2024,1.0,1.0,tp,sl,long,1.0,-1.0,0.0,0.0,2.073892,-0.024622,0.024622,-2.073892,False,CPI
CPI_Dec2024,1.0,1.5,tp,sl,long,1.0,-1.5,-0.5,-0.5,2.073892,-0.024622,0.024622,-2.073892,False,CPI
CPI_Dec2024,1.0,2.0,tp,sl,long,1.0,-2.0,-1.0,-1.0,2.073892,-0.024622,0.024622,-2.073892,False,CPI
CPI_Dec2024,1.5,0.5,tp,sl,long,1.5,-0.5,1.0,1.0,2.073892,-0.024622,0.024622,-0.560393,False,CPI
CPI_Dec2024,1.5,1.0,tp,sl,long,1.5,-1.0,0.5,0.5,2.073892,-0.024622,0.024622,-2.073892,False,CPI
CPI_Dec2024,1.5,1.5,tp,sl,long,1.5,-1.5,0.0,0.0,2.073892,-0.024622,0.024622,-2.073892,False,CPI
CPI_Dec2024,1.5,2.0,tp,sl,long,1.5,-2.0,-0.5,-0.5,2.073892,-0.024622,0.024622,-2.073892,False,CPI
CPI_Dec2024,2.0,0.5,tp,sl,long,2.0,-0.5,1.5,1.5,2.073892,-0.024622,0.024622,-0.560393,False,CPI
CPI_Dec2024,2.0,1.0,tp,sl,long,2.0,-1.0,1.0,1.0,2.073892,-0.024622,0.024622,-2.073892,False,CPI
CPI_Dec2024,2.0,1.5,tp,sl,long,2.0,-1.5,0.5,0.5,2.073892,-0.024622,0.024622,-2.073892,False,CPI
CPI_Dec2024,2.0,2.0,tp,sl,long,2.0,-2.0,0.0,0.0,2.073892,-0.024622,0.024622,-2.073892,False,CPI
CPI_Dec2024,3.0,0.5,tp,sl,long,3.0,-0.5,2.5,2.5,3.004868,-0.024622,0.024622,-0.560393,False,CPI
CPI_Dec2024,3.0,1.0,tp,sl,long,3.0,-1.0,2.0,2.0,3.004868,-0.024622,0.024622,-2.073892,False,CPI
CPI_Dec2024,3.0,1.5,tp,sl,long,3.0,-1.5,1.5,1.5,3.004868,-0.024622,0.024622,-2.073892,False,CPI
CPI_Dec2024,3.0,2.0,tp,sl,long,3.0,-2.0,1.0,1.0,3.004868,-0.024622,0.024622,-2.073892,False,CPI
FOMC_Press_Conference_Jan,0.5,0.5,tp,sl,long,0.5,-0.5,0.0,0.0,0.899288,-0.456165,0.456165,-0.899288,False,FOMC_PRESS_CONFERENCE
FOMC_Press_Conference_Jan,0.5,1.0,tp,sl,long,0.5,-1.0,-0.5,-0.5,0.899288,-0.456165,0.456165,-1.357736,False,FOMC_PRESS_CONFERENCE
FOMC_Press_Conference_Jan,0.5,1.5,tp,sl,long,0.5,-1.5,-1.0,-1.0,0.899288,-0.456165,0.456165,-2.66428,False,FOMC_PRESS_CONFERENCE
FOMC_Press_Conference_Jan,0.5,2.0,tp,sl,long,0.5,-2.0,-1.5,-1.5,0.899288,-0.456165,0.456165,-2.66428,False,FOMC_PRESS_CONFERENCE
FOMC_Press_Conference_Jan,1.0,0.5,tp,sl,long,1.0,-0.5,0.5,0.5,1.357736,-0.456165,0.456165,-0.899288,False,FOMC_PRESS_CONFERENCE
FOMC_Press_Conference_Jan,1.0,1.0,tp,sl,long,1.0,-1.0,0.0,0.0,1.357736,-0.456165,0.456165,-1.357736,False,FOMC_PRESS_CONFERENCE
FOMC_Press_Conference_Jan,1.0,1.5,tp,sl,long,1.0,-1.5,-0.5,-0.5,1.357736,-0.456165,0.456165,-2.66428,False,FOMC_PRESS_CONFERENCE
FOMC_Press_Conference_Jan,1.0,2.0,tp,sl,long,1.0,-2.0,-1.0,-1.0,1.357736,-0.456165,0.456165,-2.66428,False,FOMC_PRESS_CONFERENCE
FOMC_Press_Conference_Jan,1.5,0.5,tp,sl,long,1.5,-0.5,1.0,1.0,2.66428,-0.456165,0.456165,-0.899288,False,FOMC_PRESS_CONFERENCE
FOMC_Press_Conference_Jan,1.5,1.0,tp,sl,long,1.5,-1.0,0.5,0.5,2.66428,-0.456165,0.456165,-1.357736,False,FOMC_PRESS_CONFERENCE
FOMC_Press_Conference_Jan,1.5,1.5,tp,sl,long,1.5,-1.5,0.0,0.0,2.66428,-0.456165,0.456165,-2.66428,False,FOMC_PRESS_CONFERENCE
FOMC_Press_Conference_Jan,1.5,2.0,tp,sl,long,1.5,-2.0,-0.5,-0.5,2.66428,-0.456165,0.456165,-2.66428,False,FOMC_PRESS_CONFERENCE
FOMC_Press_Conference_Jan,2.0,0.5,tp,sl,long,2.0,-0.5,1.5,1.5,2.66428,-0.456165,0.456165,-0.899288,False,FOMC_PRESS_CONFERENCE
FOMC_Press_Conference_Jan,2.0,1.0,tp,sl,long,2.0,-1.0,1.0,1.0,2.66428,-0.456165,0.456165,-1.357736,False,FOMC_PRESS_CONFERENCE
FOMC_Press_Conference_Jan,2.0,1.5,tp,sl,long,2.0,-1.5,0.5,0.5,2.66428,-0.456165,0.456165,-2.66428,False,FOMC_PRESS_CONFERENCE
FOMC_Press_Conference_Jan,2.0,2.0,tp,sl,long,2.0,-2.0,0.0,0.0,2.66428,-0.456165,0.456165,-2.66428,False,FOMC_PRESS_CONFERENCE
FOMC_Press_Conference_Jan,3.0,0.5,tp,sl,long,3.0,-0.5,2.5,2.5,3.548243,-0.456165,0.456165,-0.899288,False,FOMC_PRESS_CONFERENCE
FOMC_Press_Conference_Jan,3.0,1.0,tp,sl,long,3.0,-1.0,2.0,2.0,3.548243,-0.456165,0.456165,-1.357736,False,FOMC_PRESS_CONFERENCE
FOMC_Press_Conference_Jan,3.0,1.5,tp,sl,long,3.0,-1.5,1.5,1.5,3.548243,-0.456165,0.456165,-2.66428,False,FOMC_PRESS_CONFERENCE
FOMC_Press_Conference_Jan,3.0,2.0,tp,sl,long,3.0,-2.0,1.0,1.0,3.548243,-0.456165,0.456165,-2.66428,False,FOMC_PRESS_CONFERENCE
CPI_Jan2025,0.5,0.5,tp,sl,long,0.5,-0.5,0.0,0.0,0.585147,-0.000378,0.000378,-0.585147,False,CPI
CPI_Jan2025,0.5,1.0,tp,tp,long,0.5,0.5,1.0,1.0,0.585147,-0.000378,2.339831,-0.725385,False,CPI
CPI_Jan2025,0.5,1.5,tp,tp,long,0.5,0.5,1.0,1.0,0.585147,-0.000378,2.339831,-0.725385,False,CPI
CPI_Jan2025,0.5,2.0,tp,tp,long,0.5,0.5,1.0,1.0,0.585147,-0.000378,2.339831,-0.725385,False,CPI
CPI_Jan2025,1.0,0.5,sl,sl,short,-0.5,-0.5,-1.0,-1.0,0.725385,-2.339831,0.000378,-0.585147,False,CPI
CPI_Jan2025,1.0,1.0,sl,tp,short,-1.0,1.0,0.0,0.0,0.725385,-2.339831,2.339831,-0.725385,False,CPI
CPI_Jan2025,1.0,1.5,sl,tp,short,-1.5,1.0,-0.5,-0.5,0.725385,-2.339831,2.339831,-0.725385,False,CPI
CPI_Jan2025,1.0,2.0,sl,tp,short,-2.0,1.0,-1.0,-1.0,0.725385,-2.339831,2.339831,-0.725385,False,CPI
CPI_Jan2025,1.5,0.5,sl,sl,short,-0.5,-0.5,-1.0,-1.0,0.725385,-2.339831,0.000378,-0.585147,False,CPI
CPI_Jan2025,1.5,1.0,sl,tp,short,-1.0,1.5,0.5,0.5,0.725385,-2.339831,2.339831,-0.725385,False,CPI
CPI_Jan2025,1.5,1.5,sl,tp,short,-1.5,1.5,0.0,0.0,0.725385,-2.339831,2.339831,-0.725385,False,CPI
CPI_Jan2025,1.5,2.0,sl,tp,short,-2.0,1.5,-0.5,-0.5,0.725385,-2.339831,2.339831,-0.725385,False,CPI
CPI_Jan2025,2.0,0.5,sl,sl,short,-0.5,-0.5,-1.0,-1.0,0.725385,-2.339831,0.000378,-0.585147,False,CPI
CPI_Jan2025,2.0,1.0,sl,tp,short,-1.0,2.0,1.0,1.0,0.725385,-2.339831,2.339831,-0.725385,False,CPI
CPI_Jan2025,2.0,1.5,sl,tp,short,-1.5,2.0,0.5,0.5,0.725385,-2.339831,2.339831,-0.725385,False,CPI
CPI_Jan2025,2.0,2.0,sl,tp,short,-2.0,2.0,0.0,0.0,0.725385,-2.339831,2.339831,-0.725385,False,CPI
CPI_Jan2025,3.0,0.5,sl,sl,short,-0.5,-0.5,-1.0,-1.0,0.725385,-2.339831,0.000378,-0.585147,False,CPI
CPI_Jan2025,3.0,1.0,sl,tp,short,-1.0,3.0,2.0,2.0,0.725385,-2.339831,3.41449,-0.725385,False,CPI
CPI_Jan2025,3.0,1.5,sl,tp,short,-1.5,3.0,1.5,1.5,0.725385,-2.339831,3.41449,-0.725385,False,CPI
CPI_Jan2025,3.0,2.0,sl,tp,short,-2.0,3.0,1.0,1.0,0.725385,-2.339831,3.41449,-0.725385,False,CPI
CPI_Feb2025,0.5,0.5,tp,sl,long,0.5,-0.5,0.0,0.0,0.797137,-0.227231,0.227231,-0.797137,False,CPI
CPI_Feb2025,0.5,1.0,tp,sl,long,0.5,-1.0,-0.5,-0.5,0.797137,-0.227231,0.227231,-1.653303,False,CPI
CPI_Feb2025,0.5,1.5,tp,sl,long,0.5,-1.5,-1.0,-1.0,0.797137,-0.227231,0.227231,-1.653303,False,CPI
CPI_Feb2025,0.5,2.0,tp,tp,long,0.5,0.5,1.0,1.0,0.797137,-0.227231,0.715125,-1.653303,False,CPI
CPI_Feb2025,1.0,0.5,tp,sl,long,1.0,-0.5,0.5,0.5,1.653303,-0.227231,0.227231,-0.797137,False,CPI
CPI_Feb2025,1.0,1.0,tp,sl,long,1.0,-1.0,0.0,0.0,1.653303,-0.227231,0.227231,-1.653303,False,CPI
CPI_Feb2025,1.0,1.5,tp,sl,long,1.0,-1.5,-0.5,-0.5,1.653303,-0.227231,0.227231,-1.653303,False,CPI
CPI_Feb2025,1.0,2.0,tp,tp,long,1.0,1.0,2.0,2.0,1.653303,-0.227231,1.270927,-1.653303,False,CPI
CPI_Feb2025,1.5,0.5,tp,sl,long,1.5,-0.5,1.0,1.0,1.653303,-0.227231,0.227231,-0.797137,False,CPI
CPI_Feb2025,1.5,1.0,tp,sl,long,1.5,-1.0,0.5,0.5,1.653303,-0.227231,0.227231,-1.653303,False,CPI
CPI_Feb2025,1.5,1.5,tp,sl,long,1.5,-1.5,0.0,0.0,1.653303,-0.227231,0.227231,-1.653303,False,CPI
CPI_Feb2025,1.5,2.0,tp,tp,long,1.5,1.5,3.0,3.0,1.653303,-0.227231,1.583305,-1.653303,False,CPI
CPI_Feb2025,2.0,0.5,sl,sl,short,-0.5,-0.5,-1.0,-1.0,1.653303,-0.715125,0.227231,-0.797137,False,CPI
CPI_Feb2025,2.0,1.0,sl,sl,short,-1.0,-1.0,-2.0,-2.0,1.653303,-1.270927,0.227231,-1.653303,False,CPI
CPI_Feb2025,2.0,1.5,sl,sl,short,-1.5,-1.5,-3.0,-3.0,1.653303,-1.583305,0.227231,-1.653303,False,CPI
CPI_Feb2025,2.0,2.0,sl,tp,short,-2.0,2.0,0.0,0.0,1.653303,-2.079035,2.079035,-1.653303,False,CPI
CPI_Feb2025,3.0,0.5,sl,sl,none,-0.5,-0.5,-1.0,-1.0,1.653303,-0.715125,0.227231,-0.797137,False,CPI
CPI_Feb2025,3.0,1.0,sl,sl,none,-1.0,-1.0,-2.0,-2.0,1.653303,-1.270927,0.227231,-1.653303,False,CPI
CPI_Feb2025,3.0,1.5,sl,sl,none,-1.5,-1.5,-3.0,-3.0,1.653303,-1.583305,0.227231,-1.653303,False,CPI
CPI_Feb2025,3.0,2.0,sl,timeout,none,-2.0,1.919712,-0.080288,-0.080288,1.653303,-2.079035,2.107765,-1.653303,False,CPI
FOMC_Press_Conference_Mar,0.5,0.5,tp,sl,long,0.5,-0.5,0.0,0.0,0.676824,-0.496008,0.496008,-0.676824,False,FOMC_PRESS_CONFERENCE
FOMC_Press_Conference_Mar,0.5,1.0,tp,sl,long,0.5,-1.0,-0.5,-0.5,0.676824,-0.496008,0.496008,-1.177773,False,FOMC_PRESS_CONFERENCE
FOMC_Press_Conference_Mar,0.5,1.5,tp,timeout,long,0.5,-0.761303,-0.261303,-0.261303,0.676824,-0.496008,0.496008,-1.372915,False,FOMC_PRESS_CONFERENCE
FOMC_Press_Conference_Mar,0.5,2.0,tp,timeout,long,0.5,-0.761303,-0.261303,-0.261303,0.676824,-0.496008,0.496008,-1.372915,False,FOMC_PRESS_CONFERENCE
FOMC_Press_Conference_Mar,1.0,0.5,tp,sl,long,1.0,-0.5,0.5,0.5,1.177773,-0.496008,0.496008,-0.676824,False,FOMC_PRESS_CONFERENCE
FOMC_Press_Conference_Mar,1.0,1.0,tp,sl,long,1.0,-1.0,0.0,0.0,1.177773,-0.496008,0.496008,-1.177773,False,FOMC_PRESS_CONFERENCE
FOMC_Press_Conference_Mar,1.0,1.5,tp,timeout,long,1.0,-0.761303,0.238697,0.238697,1.177773,-0.496008,0.496008,-1.372915,False,FOMC_PRESS_CONFERENCE
FOMC_Press_Conference_Mar,1.0,2.0,tp,timeout,long,1.0,-0.761303,0.238697,0.238697,1.177773,-0.496008,0.496008,-1.372915,False,FOMC_PRESS_CONFERENCE
FOMC_Press_Conference_Mar,1.5,0.5,timeout,sl,none,0.761303,-0.5,0.261303,0.261303,1.372915,-0.496008,0.496008,-0.676824,False,FOMC_PRESS_CONFERENCE
FOMC_Press_Conference_Mar,1.5,1.0,timeout,sl,none,0.761303,-1.0,-0.238697,-0.238697,1.372915,-0.496008,0.496008,-1.177773,False,FOMC_PRESS_CONFERENCE
FOMC_Press_Conference_Mar,1.5,1.5,timeout,timeout,none,0.761303,-0.761303,0.0,0.0,1.372915,-0.496008,0.496008,-1.372915,False,FOMC_PRESS_CONFERENCE
FOMC_Press_Conference_Mar,1.5,2.0,timeout,timeout,none,0.761303,-0.761303,0.0,0.0,1.372915,-0.496008,0.496008,-1.372915,False,FOMC_PRESS_CONFERENCE
FOMC_Press_Conference_Mar,2.0,0.5,timeout,sl,none,0.761303,-0.5,0.261303,0.261303,1.372915,-0.496008,0.496008,-0.676824,False,FOMC_PRESS_CONFERENCE
FOMC_Press_Conference_Mar,2.0,1.0,timeout,sl,none,0.761303,-1.0,-0.238697,-0.238697,1.372915,-0.496008,0.496008,-1.177773,False,FOMC_PRESS_CONFERENCE
FOMC_Press_Conference_Mar,2.0,1.5,timeout,timeout,none,0.761303,-0.761303,0.0,0.0,1.372915,-0.496008,0.496008,-1.372915,False,FOMC_PRESS_CONFERENCE
FOMC_Press_Conference_Mar,2.0,2.0,timeout,timeout,none,0.761303,-0.761303,0.0,0.0,1.372915,-0.496008,0.496008,-1.372915,False,FOMC_PRESS_CONFERENCE
FOMC_Press_Conference_Mar,3.0,0.5,timeout,sl,none,0.761303,-0.5,0.261303,0.261303,1.372915,-0.496008,0.496008,-0.676824,False,FOMC_PRESS_CONFERENCE
FOMC_Press_Conference_Mar,3.0,1.0,timeout,sl,none,0.761303,-1.0,-0.238697,-0.238697,1.372915,-0.496008,0.496008,-1.177773,False,FOMC_PRESS_CONFERENCE
FOMC_Press_Conference_Mar,3.0,1.5,timeout,timeout,none,0.761303,-0.761303,0.0,0.0,1.372915,-0.496008,0.496008,-1.372915,False,FOMC_PRESS_CONFERENCE
FOMC_Press_Conference_Mar,3.0,2.0,timeout,timeout,none,0.761303,-0.761303,0.0,0.0,1.372915,-0.496008,0.496008,-1.372915,False,FOMC_PRESS_CONFERENCE
CPI_Mar2025,0.5,0.5,tp,sl,long,0.5,-0.5,0.0,0.0,1.735799,-0.225648,0.225648,-1.735799,False,CPI
CPI_Mar2025,0.5,1.0,tp,sl,long,0.5,-1.0,-0.5,-0.5,1.735799,-0.225648,0.225648,-1.735799,False,CPI
CPI_Mar2025,0.5,1.5,tp,sl,long,0.5,-1.5,-1.0,-1.0,1.735799,-0.225648,0.225648,-1.735799,False,CPI
CPI_Mar2025,0.5,2.0,tp,tp,long,0.5,0.5,1.0,1.0,1.735799,-0.225648,0.615062,-1.735799,False,CPI
CPI_Mar2025,1.0,0.5,tp,sl,long,1.0,-0.5,0.5,0.5,1.735799,-0.225648,0.225648,-1.735799,False,CPI
CPI_Mar2025,1.0,1.0,tp,sl,long,1.0,-1.0,0.0,0.0,1.735799,-0.225648,0.225648,-1.735799,False,CPI
CPI_Mar2025,1.0,1.5,tp,sl,long,1.0,-1.5,-0.5,-0.5,1.735799,-0.225648,0.225648,-1.735799,False,CPI
CPI_Mar2025,1.0,2.0,tp,tp,long,1.0,1.0,2.0,2.0,1.735799,-0.225648,1.141364,-1.735799,False,CPI
CPI_Mar2025,1.5,0.5,tp,sl,long,1.5,-0.5,1.0,1.0,1.735799,-0.225648,0.225648,-1.735799,False,CPI
CPI_Mar2025,1.5,1.0,tp,sl,long,1.5,-1.0,0.5,0.5,1.735799,-0.225648,0.225648,-1.735799,False,CPI
CPI_Mar2025,1.5,1.5,tp,sl,long,1.5,-1.5,0.0,0.0,1.735799,-0.225648,0.225648,-1.735799,False,CPI
CPI_Mar2025,1.5,2.0,tp,tp,long,1.5,1.5,3.0,3.0,1.735799,-0.225648,2.80278,-1.735799,False,CPI
CPI_Mar2025,2.0,0.5,sl,sl,short,-0.5,-0.5,-1.0,-1.0,1.735799,-0.615062,0.225648,-1.735799,False,CPI
CPI_Mar2025,2.0,1.0,sl,sl,short,-1.0,-1.0,-2.0,-2.0,1.735799,-1.141364,0.225648,-1.735799,False,CPI
CPI_Mar2025,2.0,1.5,sl,sl,short,-1.5,-1.5,-3.0,-3.0,1.735799,-2.80278,0.225648,-1.735799,False,CPI
CPI_Mar2025,2.0,2.0,sl,tp,short,-2.0,2.0,0.0,0.0,1.735799,-2.80278,2.80278,-1.735799,False,CPI
CPI_Mar2025,3.0,0.5,sl,sl,none,-0.5,-0.5,-1.0,-1.0,1.735799,-0.615062,0.225648,-1.735799,False,CPI
CPI_Mar2025,3.0,1.0,sl,sl,none,-1.0,-1.0,-2.0,-2.0,1.735799,-1.141364,0.225648,-1.735799,False,CPI
CPI_Mar2025,3.0,1.5,sl,sl,none,-1.5,-1.5,-3.0,-3.0,1.735799,-2.80278,0.225648,-1.735799,False,CPI
CPI_Mar2025,3.0,2.0,sl,timeout,none,-2.0,1.706421,-0.293579,-0.293579,1.735799,-2.80278,2.80278,-1.735799,False,CPI
FOMC_Press_Conference_May,0.5,0.5,tp,sl,long,0.5,-0.5,0.0,0.0,0.647901,-0.161559,0.161559,-0.647901,False,FOMC_PRESS_CONFERENCE
FOMC_Press_Conference_May,0.5,1.0,tp,tp,long,0.5,0.5,1.0,1.0,0.647901,-0.161559,0.53853,-0.85221,False,FOMC_PRESS_CONFERENCE
FOMC_Press_Conference_May,0.5,1.5,tp,tp,long,0.5,0.5,1.0,1.0,0.647901,-0.161559,0.53853,-0.85221,False,FOMC_PRESS_CONFERENCE
FOMC_Press_Conference_May,0.5,2.0,tp,tp,long,0.5,0.5,1.0,1.0,0.647901,-0.161559,0.53853,-0.85221,False,FOMC_PRESS_CONFERENCE
FOMC_Press_Conference_May,1.0,0.5,sl,sl,none,-0.5,-0.5,-1.0,-1.0,0.85221,-0.53853,0.161559,-0.647901,False,FOMC_PRESS_CONFERENCE
FOMC_Press_Conference_May,1.0,1.0,timeout,timeout,none,-0.353653,0.353653,0.0,0.0,0.85221,-0.843882,0.843882,-0.85221,False,FOMC_PRESS_CONFERENCE
FOMC_Press_Conference_May,1.0,1.5,timeout,timeout,none,-0.353653,0.353653,0.0,0.0,0.85221,-0.843882,0.843882,-0.85221,False,FOMC_PRESS_CONFERENCE
FOMC_Press_Conference_May,1.0,2.0,timeout,timeout,none,-0.353653,0.353653,0.0,0.0,0.85221,-0.843882,0.843882,-0.85221,False,FOMC_PRESS_CONFERENCE
FOMC_Press_Conference_May,1.5,0.5,sl,sl,none,-0.5,-0.5,-1.0,-1.0,0.85221,-0.53853,0.161559,-0.647901,False,FOMC_PRESS_CONFERENCE
FOMC_Press_Conference_May,1.5,1.0,timeout,timeout,none,-0.353653,0.353653,0.0,0.0,0.85221,-0.843882,0.843882,-0.85221,False,FOMC_PRESS_CONFERENCE
FOMC_Press_Conference_May,1.5,1.5,timeout,timeout,none,-0.353653,0.353653,0.0,0.0,0.85221,-0.843882,0.843882,-0.85221,False,FOMC_PRESS_CONFERENCE
FOMC_Press_Conference_May,1.5,2.0,timeout,timeout,none,-0.353653,0.353653,0.0,0.0,0.85221,-0.843882,0.843882,-0.85221,False,FOMC_PRESS_CONFERENCE
FOMC_Press_Conference_May,2.0,0.5,sl,sl,none,-0.5,-0.5,-1.0,-1.0,0.85221,-0.53853,0.161559,-0.647901,False,FOMC_PRESS_CONFERENCE
FOMC_Press_Conference_May,2.0,1.0,timeout,timeout,none,-0.353653,0.353653,0.0,0.0,0.85221,-0.843882,0.843882,-0.85221,False,FOMC_PRESS_CONFERENCE
FOMC_Press_Conference_May,2.0,1.5,timeout,timeout,none,-0.353653,0.353653,0.0,0.0,0.85221,-0.843882,0.843882,-0.85221,False,FOMC_PRESS_CONFERENCE
FOMC_Press_Conference_May,2.0,2.0,timeout,timeout,none,-0.353653,0.353653,0.0,0.0,0.85221,-0.843882,0.843882,-0.85221,False,FOMC_PRESS_CONFERENCE
FOMC_Press_Conference_May,3.0,0.5,sl,sl,none,-0.5,-0.5,-1.0,-1.0,0.85221,-0.53853,0.161559,-0.647901,False,FOMC_PRESS_CONFERENCE
FOMC_Press_Conference_May,3.0,1.0,timeout,timeout,none,-0.353653,0.353653,0.0,0.0,0.85221,-0.843882,0.843882,-0.85221,False,FOMC_PRESS_CONFERENCE
FOMC_Press_Conference_May,3.0,1.5,timeout,timeout,none,-0.353653,0.353653,0.0,0.0,0.85221,-0.843882,0.843882,-0.85221,False,FOMC_PRESS_CONFERENCE
FOMC_Press_Conference_May,3.0,2.0,timeout,timeout,none,-0.353653,0.353653,0.0,0.0,0.85221,-0.843882,0.843882,-0.85221,False,FOMC_PRESS_CONFERENCE
CPI_Apr2025,0.5,0.5,tp,sl,long,0.5,-0.5,0.0,0.0,1.154913,-0.350556,0.350556,-1.154913,False,CPI
CPI_Apr2025,0.5,1.0,tp,sl,long,0.5,-1.0,-0.5,-0.5,1.154913,-0.350556,0.350556,-1.154913,False,CPI
CPI_Apr2025,0.5,1.5,tp,sl,long,0.5,-1.5,-1.0,-1.0,1.154913,-0.350556,0.350556,-1.695553,False,CPI
CPI_Apr2025,0.5,2.0,tp,sl,long,0.5,-2.0,-1.5,-1.5,1.154913,-0.350556,0.350556,-2.045308,False,CPI
CPI_Apr2025,1.0,0.5,tp,sl,long,1.0,-0.5,0.5,0.5,1.154913,-0.350556,0.350556,-1.154913,False,CPI
CPI_Apr2025,1.0,1.0,tp,sl,long,1.0,-1.0,0.0,0.0,1.154913,-0.350556,0.350556,-1.154913,False,CPI
CPI_Apr2025,1.0,1.5,tp,sl,long,1.0,-1.5,-0.5,-0.5,1.154913,-0.350556,0.350556,-1.695553,False,CPI
CPI_Apr2025,1.0,2.0,tp,sl,long,1.0,-2.0,-1.0,-1.0,1.154913,-0.350556,0.350556,-2.045308,False,CPI
CPI_Apr2025,1.5,0.5,tp,sl,long,1.5,-0.5,1.0,1.0,1.695553,-0.350556,0.350556,-1.154913,False,CPI
CPI_Apr2025,1.5,1.0,tp,sl,long,1.5,-1.0,0.5,0.5,1.695553,-0.350556,0.350556,-1.154913,False,CPI
CPI_Apr2025,1.5,1.5,tp,sl,long,1.5,-1.5,0.0,0.0,1.695553,-0.350556,0.350556,-1.695553,False,CPI
CPI_Apr2025,1.5,2.0,tp,sl,long,1.5,-2.0,-0.5,-0.5,1.695553,-0.350556,0.350556,-2.045308,False,CPI
CPI_Apr2025,2.0,0.5,tp,sl,long,2.0,-0.5,1.5,1.5,2.045308,-0.350556,0.350556,-1.154913,False,CPI
CPI_Apr2025,2.0,1.0,tp,sl,long,2.0,-1.0,1.0,1.0,2.045308,-0.350556,0.350556,-1.154913,False,CPI
CPI_Apr2025,2.0,1.5,tp,sl,long,2.0,-1.5,0.5,0.5,2.045308,-0.350556,0.350556,-1.695553,False,CPI
CPI_Apr2025,2.0,2.0,tp,sl,long,2.0,-2.0,0.0,0.0,2.045308,-0.350556,0.350556,-2.045308,False,CPI
CPI_Apr2025,3.0,0.5,timeout,sl,none,1.968874,-0.5,1.468874,1.468874,2.514717,-0.350556,0.350556,-1.154913,False,CPI
CPI_Apr2025,3.0,1.0,timeout,sl,none,1.968874,-1.0,0.968874,0.968874,2.514717,-0.350556,0.350556,-1.154913,False,CPI
CPI_Apr2025,3.0,1.5,timeout,sl,none,1.968874,-1.5,0.468874,0.468874,2.514717,-0.350556,0.350556,-1.695553,False,CPI
CPI_Apr2025,3.0,2.0,timeout,sl,none,1.968874,-2.0,-0.031126,-0.031126,2.514717,-0.350556,0.350556,-2.045308,False,CPI
CPI_May2025,0.5,0.5,tp,sl,long,0.5,-0.5,0.0,0.0,1.165461,-0.246956,0.246956,-1.165461,False,CPI
CPI_May2025,0.5,1.0,tp,sl,long,0.5,-1.0,-0.5,-0.5,1.165461,-0.246956,0.246956,-1.165461,False,CPI
CPI_May2025,0.5,1.5,tp,sl,long,0.5,-1.5,-1.0,-1.0,1.165461,-0.246956,0.246956,-1.634822,False,CPI
CPI_May2025,0.5,2.0,tp,sl,long,0.5,-2.0,-1.5,-1.5,1.165461,-0.246956,0.246956,-2.031974,False,CPI
CPI_May2025,1.0,0.5,tp,sl,long,1.0,-0.5,0.5,0.5,1.165461,-0.246956,0.246956,-1.165461,False,CPI
CPI_May2025,1.0,1.0,tp,sl,long,1.0,-1.0,0.0,0.0,1.165461,-0.246956,0.246956,-1.165461,False,CPI
CPI_May2025,1.0,1.5,tp,sl,long,1.0,-1.5,-0.5,-0.5,1.165461,-0.246956,0.246956,-1.634822,False,CPI
CPI_May2025,1.0,2.0,tp,sl,long,1.0,-2.0,-1.0,-1.0,1.165461,-0.246956,0.246956,-2.031974,False,CPI
CPI_May2025,1.5,0.5,tp,sl,long,1.5,-0.5,1.0,1.0,1.634822,-0.246956,0.246956,-1.165461,False,CPI
CPI_May2025,1.5,1.0,tp,sl,long,1.5,-1.0,0.5,0.5,1.634822,-0.246956,0.246956,-1.165461,False,CPI
CPI_May2025,1.5,1.5,tp,sl,long,1.5,-1.5,0.0,0.0,1.634822,-0.246956,0.246956,-1.634822,False,CPI
CPI_May2025,1.5,2.0,tp,sl,long,1.5,-2.0,-0.5,-0.5,1.634822,-0.246956,0.246956,-2.031974,False,CPI
CPI_May2025,2.0,0.5,tp,sl,long,2.0,-0.5,1.5,1.5,2.031974,-0.246956,0.246956,-1.165461,False,CPI
CPI_May2025,2.0,1.0,tp,sl,long,2.0,-1.0,1.0,1.0,2.031974,-0.246956,0.246956,-1.165461,False,CPI
CPI_May2025,2.0,1.5,tp,sl,long,2.0,-1.5,0.5,0.5,2.031974,-0.246956,0.246956,-1.634822,False,CPI
CPI_May2025,2.0,2.0,tp,sl,long,2.0,-2.0,0.0,0.0,2.031974,-0.246956,0.246956,-2.031974,False,CPI
CPI_May2025,3.0,0.5,timeout,sl,none,2.467036,-0.5,1.967036,1.967036,2.68186,-0.246956,0.246956,-1.165461,False,CPI
CPI_May2025,3.0,1.0,timeout,sl,none,2.467036,-1.0,1.467036,1.467036,2.68186,-0.246956,0.246956,-1.165461,False,CPI
CPI_May2025,3.0,1.5,timeout,sl,none,2.467036,-1.5,0.967036,0.967036,2.68186,-0.246956,0.246956,-1.634822,False,CPI
CPI_May2025,3.0,2.0,timeout,sl,none,2.467036,-2.0,0.467036,0.467036,2.68186,-0.246956,0.246956,-2.031974,False,CPI
FOMC_Press_Conference_Jun,0.5,0.5,tp,sl,long,0.5,-0.5,0.0,0.0,0.688541,-0.138271,0.138271,-0.688541,False,FOMC_PRESS_CONFERENCE
FOMC_Press_Conference_Jun,0.5,1.0,tp,tp,long,0.5,0.5,1.0,1.0,0.688541,-0.138271,0.577603,-0.867811,False,FOMC_PRESS_CONFERENCE
FOMC_Press_Conference_Jun,0.5,1.5,tp,tp,long,0.5,0.5,1.0,1.0,0.688541,-0.138271,0.577603,-0.867811,False,FOMC_PRESS_CONFERENCE
FOMC_Press_Conference_Jun,0.5,2.0,tp,tp,long,0.5,0.5,1.0,1.0,0.688541,-0.138271,0.577603,-0.867811,False,FOMC_PRESS_CONFERENCE
FOMC_Press_Conference_Jun,1.0,0.5,sl,sl,none,-0.5,-0.5,-1.0,-1.0,0.867811,-0.577603,0.138271,-0.688541,False,FOMC_PRESS_CONFERENCE
FOMC_Press_Conference_Jun,1.0,1.0,timeout,timeout,none,0.579612,-0.579612,0.0,0.0,0.867811,-0.718285,0.718285,-0.867811,False,FOMC_PRESS_CONFERENCE
FOMC_Press_Conference_Jun,1.0,1.5,timeout,timeout,none,0.579612,-0.579612,0.0,0.0,0.867811,-0.718285,0.718285,-0.867811,False,FOMC_PRESS_CONFERENCE
FOMC_Press_Conference_Jun,1.0,2.0,timeout,timeout,none,0.579612,-0.579612,0.0,0.0,0.867811,-0.718285,0.718285,-0.867811,False,FOMC_PRESS_CONFERENCE
FOMC_Press_Conference_Jun,1.5,0.5,sl,sl,none,-0.5,-0.5,-1.0,-1.0,0.867811,-0.577603,0.138271,-0.688541,False,FOMC_PRESS_CONFERENCE
FOMC_Press_Conference_Jun,1.5,1.0,timeout,timeout,none,0.579612,-0.579612,0.0,0.0,0.867811,-0.718285,0.718285,-0.867811,False,FOMC_PRESS_CONFERENCE
FOMC_Press_Conference_Jun,1.5,1.5,timeout,timeout,none,0.579612,-0.579612,0.0,0.0,0.867811,-0.718285,0.718285,-0.867811,False,FOMC_PRESS_CONFERENCE
FOMC_Press_Conference_Jun,1.5,2.0,timeout,timeout,none,0.579612,-0.579612,0.0,0.0,0.867811,-0.718285,0.718285,-0.867811,False,FOMC_PRESS_CONFERENCE
FOMC_Press_Conference_Jun,2.0,0.5,sl,sl,none,-0.5,-0.5,-1.0,-1.0,0.867811,-0.577603,0.138271,-0.688541,False,FOMC_PRESS_CONFERENCE
FOMC_Press_Conference_Jun,2.0,1.0,timeout,timeout,none,0.579612,-0.579612,0.0,0.0,0.867811,-0.718285,0.718285,-0.867811,False,FOMC_PRESS_CONFERENCE
FOMC_Press_Conference_Jun,2.0,1.5,timeout,timeout,none,0.579612,-0.579612,0.0,0.0,0.867811,-0.718285,0.718285,-0.867811,False,FOMC_PRESS_CONFERENCE
FOMC_Press_Conference_Jun,2.0,2.0,timeout,timeout,none,0.579612,-0.579612,0.0,0.0,0.867811,-0.718285,0.718285,-0.867811,False,FOMC_PRESS_CONFERENCE
FOMC_Press_Conference_Jun,3.0,0.5,sl,sl,none,-0.5,-0.5,-1.0,-1.0,0.867811,-0.577603,0.138271,-0.688541,False,FOMC_PRESS_CONFERENCE
FOMC_Press_Conference_Jun,3.0,1.0,timeout,timeout,none,0.579612,-0.579612,0.0,0.0,0.867811,-0.718285,0.718285,-0.867811,False,FOMC_PRESS_CONFERENCE
FOMC_Press_Conference_Jun,3.0,1.5,timeout,timeout,none,0.579612,-0.579612,0.0,0.0,0.867811,-0.718285,0.718285,-0.867811,False,FOMC_PRESS_CONFERENCE
FOMC_Press_Conference_Jun,3.0,2.0,timeout,timeout,none,0.579612,-0.579612,0.0,0.0,0.867811,-0.718285,0.718285,-0.867811,False,FOMC_PRESS_CONFERENCE
CPI_Jun2025,0.5,0.5,tp,sl,long,0.5,-0.5,0.0,0.0,0.59939,-0.163959,0.163959,-0.59939,False,CPI
CPI_Jun2025,0.5,1.0,tp,sl,long,0.5,-1.0,-0.5,-0.5,0.59939,-0.163959,0.163959,-1.270008,False,CPI
CPI_Jun2025,0.5,1.5,tp,sl,long,0.5,-1.5,-1.0,-1.0,0.59939,-0.163959,0.334301,-1.528377,False,CPI
CPI_Jun2025,0.5,2.0,tp,sl,long,0.5,-2.0,-1.5,-1.5,0.59939,-0.163959,0.334301,-2.055867,False,CPI
CPI_Jun2025,1.0,0.5,tp,sl,long,1.0,-0.5,0.5,0.5,1.270008,-0.163959,0.163959,-0.59939,False,CPI
CPI_Jun2025,1.0,1.0,tp,sl,long,1.0,-1.0,0.0,0.0,1.270008,-0.163959,0.163959,-1.270008,False,CPI
CPI_Jun2025,1.0,1.5,tp,sl,long,1.0,-1.5,-0.5,-0.5,1.270008,-0.163959,0.334301,-1.528377,False,CPI
CPI_Jun2025,1.0,2.0,tp,sl,long,1.0,-2.0,-1.0,-1.0,1.270008,-0.163959,0.334301,-2.055867,False,CPI
CPI_Jun2025,1.5,0.5,tp,sl,long,1.5,-0.5,1.0,1.0,1.528377,-0.334301,0.163959,-0.59939,False,CPI
CPI_Jun2025,1.5,1.0,tp,sl,long,1.5,-1.0,0.5,0.5,1.528377,-0.334301,0.163959,-1.270008,False,CPI
CPI_Jun2025,1.5,1.5,tp,sl,long,1.5,-1.5,0.0,0.0,1.528377,-0.334301,0.334301,-1.528377,False,CPI
CPI_Jun2025,1.5,2.0,tp,sl,long,1.5,-2.0,-0.5,-0.5,1.528377,-0.334301,0.334301,-2.055867,False,CPI
CPI_Jun2025,2.0,0.5,tp,sl,long,2.0,-0.5,1.5,1.5,2.055867,-0.334301,0.163959,-0.59939,False,CPI
CPI_Jun2025,2.0,1.0,tp,sl,long,2.0,-1.0,1.0,1.0,2.055867,-0.334301,0.163959,-1.270008,False,CPI
CPI_Jun2025,2.0,1.5,tp,sl,long,2.0,-1.5,0.5,0.5,2.055867,-0.334301,0.334301,-1.528377,False,CPI
CPI_Jun2025,2.0,2.0,tp,sl,long,2.0,-2.0,0.0,0.0,2.055867,-0.334301,0.334301,-2.055867,False,CPI
CPI_Jun2025,3.0,0.5,tp,sl,long,3.0,-0.5,2.5,2.5,3.031891,-0.334301,0.163959,-0.59939,False,CPI
CPI_Jun2025,3.0,1.0,tp,sl,long,3.0,-1.0,2.0,2.0,3.031891,-0.334301,0.163959,-1.270008,False,CPI
CPI_Jun2025,3.0,1.5,tp,sl,long,3.0,-1.5,1.5,1.5,3.031891,-0.334301,0.334301,-1.528377,False,CPI
CPI_Jun2025,3.0,2.0,tp,sl,long,3.0,-2.0,1.0,1.0,3.031891,-0.334301,0.334301,-2.055867,False,CPI
FOMC_Press_Conference_Jul,0.5,0.5,sl,tp,short,-0.5,0.5,0.0,0.0,0.200177,-0.682492,0.682492,-0.200177,False,FOMC_PRESS_CONFERENCE
FOMC_Press_Conference_Jul,0.5,1.0,sl,tp,short,-1.0,0.5,-0.5,-0.5,0.200177,-1.104911,0.682492,-0.200177,False,FOMC_PRESS_CONFERENCE
FOMC_Press_Conference_Jul,0.5,1.5,sl,tp,short,-1.5,0.5,-1.0,-1.0,0.200177,-1.676019,0.682492,-0.200177,False,FOMC_PRESS_CONFERENCE
FOMC_Press_Conference_Jul,0.5,2.0,sl,tp,short,-2.0,0.5,-1.5,-1.5,0.200177,-2.142835,0.682492,-0.200177,False,FOMC_PRESS_CONFERENCE
FOMC_Press_Conference_Jul,1.0,0.5,sl,tp,short,-0.5,1.0,0.5,0.5,0.200177,-0.682492,1.104911,-0.200177,False,FOMC_PRESS_CONFERENCE
FOMC_Press_Conference_Jul,1.0,1.0,sl,tp,short,-1.0,1.0,0.0,0.0,0.200177,-1.104911,1.104911,-0.200177,False,FOMC_PRESS_CONFERENCE
FOMC_Press_Conference_Jul,1.0,1.5,sl,tp,short,-1.5,1.0,-0.5,-0.5,0.200177,-1.676019,1.104911,-0.200177,False,FOMC_PRESS_CONFERENCE
FOMC_Press_Conference_Jul,1.0,2.0,sl,tp,short,-2.0,1.0,-1.0,-1.0,0.200177,-2.142835,1.104911,-0.200177,False,FOMC_PRESS_CONFERENCE
FOMC_Press_Conference_Jul,1.5,0.5,sl,tp,short,-0.5,1.5,1.0,1.0,0.200177,-0.682492,1.676019,-0.200177,False,FOMC_PRESS_CONFERENCE
FOMC_Press_Conference_Jul,1.5,1.0,sl,tp,short,-1.0,1.5,0.5,0.5,0.200177,-1.104911,1.676019,-0.200177,False,FOMC_PRESS_CONFERENCE
FOMC_Press_Conference_Jul,1.5,1.5,sl,tp,short,-1.5,1.5,0.0,0.0,0.200177,-1.676019,1.676019,-0.200177,False,FOMC_PRESS_CONFERENCE
FOMC_Press_Conference_Jul,1.5,2.0,sl,tp,short,-2.0,1.5,-0.5,-0.5,0.200177,-2.142835,1.676019,-0.200177,False,FOMC_PRESS_CONFERENCE
FOMC_Press_Conference_Jul,2.0,0.5,sl,tp,short,-0.5,2.0,1.5,1.5,0.200177,-0.682492,2.142835,-0.200177,False,FOMC_PRESS_CONFERENCE
FOMC_Press_Conference_Jul,2.0,1.0,sl,tp,short,-1.0,2.0,1.0,1.0,0.200177,-1.104911,2.142835,-0.200177,False,FOMC_PRESS_CONFERENCE
FOMC_Press_Conference_Jul,2.0,1.5,sl,tp,short,-1.5,2.0,0.5,0.5,0.200177,-1.676019,2.142835,-0.200177,False,FOMC_PRESS_CONFERENCE
FOMC_Press_Conference_Jul,2.0,2.0,sl,tp,short,-2.0,2.0,0.0,0.0,0.200177,-2.142835,2.142835,-0.200177,False,FOMC_PRESS_CONFERENCE
FOMC_Press_Conference_Jul,3.0,0.5,sl,tp,short,-0.5,3.0,2.5,2.5,0.200177,-0.682492,3.166047,-0.200177,False,FOMC_PRESS_CONFERENCE
FOMC_Press_Conference_Jul,3.0,1.0,sl,tp,short,-1.0,3.0,2.0,2.0,0.200177,-1.104911,3.166047,-0.200177,False,FOMC_PRESS_CONFERENCE
FOMC_Press_Conference_Jul,3.0,1.5,sl,tp,short,-1.5,3.0,1.5,1.5,0.200177,-1.676019,3.166047,-0.200177,False,FOMC_PRESS_CONFERENCE
FOMC_Press_Conference_Jul,3.0,2.0,sl,tp,short,-2.0,3.0,1.0,1.0,0.200177,-2.142835,3.166047,-0.200177,False,FOMC_PRESS_CONFERENCE
CPI_Jul2025,0.5,0.5,tp,sl,long,0.5,-0.5,0.0,0.0,0.740194,-0.090188,0.090188,-0.740194,False,CPI
CPI_Jul2025,0.5,1.0,tp,sl,long,0.5,-1.0,-0.5,-0.5,0.740194,-0.090188,0.090188,-1.707493,False,CPI
CPI_Jul2025,0.5,1.5,tp,sl,long,0.5,-1.5,-1.0,-1.0,0.740194,-0.090188,0.090188,-1.707493,False,CPI
CPI_Jul2025,0.5,2.0,tp,sl,long,0.5,-2.0,-1.5,-1.5,0.740194,-0.090188,0.090188,-2.197217,False,CPI
CPI_Jul2025,1.0,0.5,tp,sl,long,1.0,-0.5,0.5,0.5,1.707493,-0.090188,0.090188,-0.740194,False,CPI
CPI_Jul2025,1.0,1.0,tp,sl,long,1.0,-1.0,0.0,0.0,1.707493,-0.090188,0.090188,-1.707493,False,CPI
CPI_Jul2025,1.0,1.5,tp,sl,long,1.0,-1.5,-0.5,-0.5,1.707493,-0.090188,0.090188,-1.707493,False,CPI
CPI_Jul2025,1.0,2.0,tp,sl,long,1.0,-2.0,-1.0,-1.0,1.707493,-0.090188,0.090188,-2.197217,False,CPI
CPI_Jul2025,1.5,0.5,tp,sl,long,1.5,-0.5,1.0,1.0,1.707493,-0.090188,0.090188,-0.740194,False,CPI
CPI_Jul2025,1.5,1.0,tp,sl,long,1.5,-1.0,0.5,0.5,1.707493,-0.090188,0.090188,-1.707493,False,CPI
CPI_Jul2025,1.5,1.5,tp,sl,long,1.5,-1.5,0.0,0.0,1.707493,-0.090188,0.090188,-1.707493,False,CPI
CPI_Jul2025,1.5,2.0,tp,sl,long,1.5,-2.0,-0.5,-0.5,1.707493,-0.090188,0.090188,-2.197217,False,CPI
CPI_Jul2025,2.0,0.5,tp,sl,long,2.0,-0.5,1.5,1.5,2.197217,-0.090188,0.090188,-0.740194,False,CPI
CPI_Jul2025,2.0,1.0,tp,sl,long,2.0,-1.0,1.0,1.0,2.197217,-0.090188,0.090188,-1.707493,False,CPI
CPI_Jul2025,2.0,1.5,tp,sl,long,2.0,-1.5,0.5,0.5,2.197217,-0.090188,0.090188,-1.707493,False,CPI
CPI_Jul2025,2.0,2.0,tp,sl,long,2.0,-2.0,0.0,0.0,2.197217,-0.090188,0.090188,-2.197217,False,CPI
CPI_Jul2025,3.0,0.5,tp,sl,long,3.0,-0.5,2.5,2.5,3.131805,-0.090188,0.090188,-0.740194,False,CPI
CPI_Jul2025,3.0,1.0,tp,sl,long,3.0,-1.0,2.0,2.0,3.131805,-0.090188,0.090188,-1.707493,False,CPI
CPI_Jul2025,3.0,1.5,tp,sl,long,3.0,-1.5,1.5,1.5,3.131805,-0.090188,0.090188,-1.707493,False,CPI
CPI_Jul2025,3.0,2.0,tp,sl,long,3.0,-2.0,1.0,1.0,3.131805,-0.090188,0.090188,-2.197217,False,CPI
Powell_Jackson_Hole,0.5,0.5,sl,tp,short,-0.5,0.5,0.0,0.0,0.235828,-0.646843,0.646843,-0.235828,False,JACKSON_HOLE
Powell_Jackson_Hole,0.5,1.0,tp,tp,short,0.5,0.5,1.0,1.0,1.919386,-0.646843,0.646843,-0.235828,False,JACKSON_HOLE
Powell_Jackson_Hole,0.5,1.5,tp,tp,short,0.5,0.5,1.0,1.0,1.919386,-0.646843,0.646843,-0.235828,False,JACKSON_HOLE
Powell_Jackson_Hole,0.5,2.0,tp,tp,short,0.5,0.5,1.0,1.0,1.919386,-0.646843,0.646843,-0.235828,False,JACKSON_HOLE
Powell_Jackson_Hole,1.0,0.5,sl,sl,long,-0.5,-0.5,-1.0,-1.0,0.235828,-0.646843,0.646843,-1.919386,False,JACKSON_HOLE
Powell_Jackson_Hole,1.0,1.0,tp,sl,long,1.0,-1.0,0.0,0.0,1.919386,-0.646843,0.646843,-1.919386,False,JACKSON_HOLE
Powell_Jackson_Hole,1.0,1.5,tp,sl,long,1.0,-1.5,-0.5,-0.5,1.919386,-0.646843,0.646843,-1.919386,False,JACKSON_HOLE
Powell_Jackson_Hole,1.0,2.0,tp,sl,long,1.0,-2.0,-1.0,-1.0,1.919386,-0.646843,0.646843,-2.533004,False,JACKSON_HOLE
Powell_Jackson_Hole,1.5,0.5,sl,sl,long,-0.5,-0.5,-1.0,-1.0,0.235828,-0.646843,0.646843,-1.919386,False,JACKSON_HOLE
Powell_Jackson_Hole,1.5,1.0,tp,sl,long,1.5,-1.0,0.5,0.5,1.919386,-0.646843,0.646843,-1.919386,False,JACKSON_HOLE
Powell_Jackson_Hole,1.5,1.5,tp,sl,long,1.5,-1.5,0.0,0.0,1.919386,-0.646843,0.646843,-1.919386,False,JACKSON_HOLE
Powell_Jackson_Hole,1.5,2.0,tp,sl,long,1.5,-2.0,-0.5,-0.5,1.919386,-0.646843,0.646843,-2.533004,False,JACKSON_HOLE
Powell_Jackson_Hole,2.0,0.5,sl,sl,long,-0.5,-0.5,-1.0,-1.0,0.235828,-0.646843,0.646843,-1.919386,False,JACKSON_HOLE
Powell_Jackson_Hole,2.0,1.0,tp,sl,long,2.0,-1.0,1.0,1.0,2.533004,-0.646843,0.646843,-1.919386,False,JACKSON_HOLE
Powell_Jackson_Hole,2.0,1.5,tp,sl,long,2.0,-1.5,0.5,0.5,2.533004,-0.646843,0.646843,-1.919386,False,JACKSON_HOLE
Powell_Jackson_Hole,2.0,2.0,tp,sl,long,2.0,-2.0,0.0,0.0,2.533004,-0.646843,0.646843,-2.533004,False,JACKSON_HOLE
Powell_Jackson_Hole,3.0,0.5,sl,sl,long,-0.5,-0.5,-1.0,-1.0,0.235828,-0.646843,0.646843,-1.919386,False,JACKSON_HOLE
Powell_Jackson_Hole,3.0,1.0,tp,sl,long,3.0,-1.0,2.0,2.0,3.369207,-0.646843,0.646843,-1.919386,False,JACKSON_HOLE
Powell_Jackson_Hole,3.0,1.5,tp,sl,long,3.0,-1.5,1.5,1.5,3.369207,-0.646843,0.646843,-1.919386,False,JACKSON_HOLE
Powell_Jackson_Hole,3.0,2.0,tp,sl,long,3.0,-2.0,1.0,1.0,3.369207,-0.646843,0.646843,-2.533004,False,JACKSON_HOLE
CPI_Aug2025,0.5,0.5,tp,sl,long,0.5,-0.5,0.0,0.0,0.6574,-0.07132,0.07132,-0.6574,False,CPI
CPI_Aug2025,0.5,1.0,tp,tp,long,0.5,0.5,1.0,1.0,0.6574,-0.07132,2.607553,-0.869784,False,CPI
CPI_Aug2025,0.5,1.5,tp,tp,long,0.5,0.5,1.0,1.0,0.6574,-0.07132,2.607553,-0.869784,False,CPI
CPI_Aug2025,0.5,2.0,tp,tp,long,0.5,0.5,1.0,1.0,0.6574,-0.07132,2.607553,-0.869784,False,CPI
CPI_Aug2025,1.0,0.5,sl,sl,short,-0.5,-0.5,-1.0,-1.0,0.869784,-2.607553,0.07132,-0.6574,False,CPI
CPI_Aug2025,1.0,1.0,sl,tp,short,-1.0,1.0,0.0,0.0,0.869784,-2.607553,2.607553,-0.869784,False,CPI
CPI_Aug2025,1.0,1.5,sl,tp,short,-1.5,1.0,-0.5,-0.5,0.869784,-2.607553,2.607553,-0.869784,False,CPI
CPI_Aug2025,1.0,2.0,sl,tp,short,-2.0,1.0,-1.0,-1.0,0.869784,-2.607553,2.607553,-0.869784,False,CPI
CPI_Aug2025,1.5,0.5,sl,sl,short,-0.5,-0.5,-1.0,-1.0,0.869784,-2.607553,0.07132,-0.6574,False,CPI
CPI_Aug2025,1.5,1.0,sl,tp,short,-1.0,1.5,0.5,0.5,0.869784,-2.607553,2.607553,-0.869784,False,CPI
CPI_Aug2025,1.5,1.5,sl,tp,short,-1.5,1.5,0.0,0.0,0.869784,-2.607553,2.607553,-0.869784,False,CPI
CPI_Aug2025,1.5,2.0,sl,tp,short,-2.0,1.5,-0.5,-0.5,0.869784,-2.607553,2.607553,-0.869784,False,CPI
CPI_Aug2025,2.0,0.5,sl,sl,short,-0.5,-0.5,-1.0,-1.0,0.869784,-2.607553,0.07132,-0.6574,False,CPI
CPI_Aug2025,2.0,1.0,sl,tp,short,-1.0,2.0,1.0,1.0,0.869784,-2.607553,2.607553,-0.869784,False,CPI
CPI_Aug2025,2.0,1.5,sl,tp,short,-1.5,2.0,0.5,0.5,0.869784,-2.607553,2.607553,-0.869784,False,CPI
CPI_Aug2025,2.0,2.0,sl,tp,short,-2.0,2.0,0.0,0.0,0.869784,-2.607553,2.607553,-0.869784,False,CPI
CPI_Aug2025,3.0,0.5,sl,sl,none,-0.5,-0.5,-1.0,-1.0,0.869784,-2.607553,0.07132,-0.6574,False,CPI
CPI_Aug2025,3.0,1.0,sl,timeout,none,-1.0,0.782491,-0.217509,-0.217509,0.869784,-2.607553,2.607553,-0.869784,False,CPI
CPI_Aug2025,3.0,1.5,sl,timeout,none,-1.5,0.782491,-0.717509,-0.717509,0.869784,-2.607553,2.607553,-0.869784,False,CPI
CPI_Aug2025,3.0,2.0,sl,timeout,none,-2.0,0.782491,-1.217509,-1.217509,0.869784,-2.607553,2.607553,-0.869784,False,CPI
FOMC_Press_Conference_Sep,0.5,0.5,tp,sl,long,0.5,-0.5,0.0,0.0,0.534358,-0.369424,0.369424,-0.534358,False,FOMC_PRESS_CONFERENCE
FOMC_Press_Conference_Sep,0.5,1.0,tp,tp,long,0.5,0.5,1.0,1.0,0.534358,-0.369424,0.548214,-0.534358,False,FOMC_PRESS_CONFERENCE
FOMC_Press_Conference_Sep,0.5,1.5,tp,tp,long,0.5,0.5,1.0,1.0,0.534358,-0.369424,0.548214,-0.534358,False,FOMC_PRESS_CONFERENCE
FOMC_Press_Conference_Sep,0.5,2.0,tp,tp,long,0.5,0.5,1.0,1.0,0.534358,-0.369424,0.548214,-0.534358,False,FOMC_PRESS_CONFERENCE
FOMC_Press_Conference_Sep,1.0,0.5,sl,sl,short,-0.5,-0.5,-1.0,-1.0,0.534358,-0.548214,0.369424,-0.534358,False,FOMC_PRESS_CONFERENCE
FOMC_Press_Conference_Sep,1.0,1.0,sl,tp,short,-1.0,1.0,0.0,0.0,0.534358,-1.163251,1.163251,-0.534358,False,FOMC_PRESS_CONFERENCE
FOMC_Press_Conference_Sep,1.0,1.5,tp,tp,short,1.0,1.0,2.0,2.0,1.12794,-1.163251,1.163251,-0.534358,False,FOMC_PRESS_CONFERENCE
FOMC_Press_Conference_Sep,1.0,2.0,tp,tp,short,1.0,1.0,2.0,2.0,1.12794,-1.163251,1.163251,-0.534358,False,FOMC_PRESS_CONFERENCE
FOMC_Press_Conference_Sep,1.5,0.5,sl,sl,none,-0.5,-0.5,-1.0,-1.0,0.534358,-0.548214,0.369424,-0.534358,False,FOMC_PRESS_CONFERENCE
FOMC_Press_Conference_Sep,1.5,1.0,sl,sl,none,-1.0,-1.0,-2.0,-2.0,0.534358,-1.163251,1.163251,-1.12794,False,FOMC_PRESS_CONFERENCE
FOMC_Press_Conference_Sep,1.5,1.5,timeout,timeout,none,0.836065,-0.836065,0.0,0.0,1.454231,-1.163251,1.163251,-1.454231,False,FOMC_PRESS_CONFERENCE
FOMC_Press_Conference_Sep,1.5,2.0,timeout,timeout,none,0.836065,-0.836065,0.0,0.0,1.454231,-1.163251,1.163251,-1.454231,False,FOMC_PRESS_CONFERENCE
FOMC_Press_Conference_Sep,2.0,0.5,sl,sl,none,-0.5,-0.5,-1.0,-1.0,0.534358,-0.548214,0.369424,-0.534358,False,FOMC_PRESS_CONFERENCE
FOMC_Press_Conference_Sep,2.0,1.0,sl,sl,none,-1.0,-1.0,-2.0,-2.0,0.534358,-1.163251,1.163251,-1.12794,False,FOMC_PRESS_CONFERENCE
FOMC_Press_Conference_Sep,2.0,1.5,timeout,timeout,none,0.836065,-0.836065,0.0,0.0,1.454231,-1.163251,1.163251,-1.454231,False,FOMC_PRESS_CONFERENCE
FOMC_Press_Conference_Sep,2.0,2.0,timeout,timeout,none,0.836065,-0.836065,0.0,0.0,1.454231,-1.163251,1.163251,-1.454231,False,FOMC_PRESS_CONFERENCE
FOMC_Press_Conference_Sep,3.0,0.5,sl,sl,none,-0.5,-0.5,-1.0,-1.0,0.534358,-0.548214,0.369424,-0.534358,False,FOMC_PRESS_CONFERENCE
FOMC_Press_Conference_Sep,3.0,1.0,sl,sl,none,-1.0,-1.0,-2.0,-2.0,0.534358,-1.163251,1.163251,-1.12794,False,FOMC_PRESS_CONFERENCE
FOMC_Press_Conference_Sep,3.0,1.5,timeout,timeout,none,0.836065,-0.836065,0.0,0.0,1.454231,-1.163251,1.163251,-1.454231,False,FOMC_PRESS_CONFERENCE
FOMC_Press_Conference_Sep,3.0,2.0,timeout,timeout,none,0.836065,-0.836065,0.0,0.0,1.454231,-1.163251,1.163251,-1.454231,False,FOMC_PRESS_CONFERENCE
CPI_Sep2025_Delayed,0.5,0.5,tp,sl,long,0.5,-0.5,0.0,0.0,2.143075,-0.070523,0.070523,-2.143075,False,CPI
CPI_Sep2025_Delayed,0.5,1.0,tp,sl,long,0.5,-1.0,-0.5,-0.5,2.143075,-0.070523,0.070523,-2.143075,False,CPI
CPI_Sep2025_Delayed,0.5,1.5,tp,sl,long,0.5,-1.5,-1.0,-1.0,2.143075,-0.070523,0.070523,-2.143075,False,CPI
CPI_Sep2025_Delayed,0.5,2.0,tp,sl,long,0.5,-2.0,-1.5,-1.5,2.143075,-0.070523,0.070523,-2.143075,False,CPI
CPI_Sep2025_Delayed,1.0,0.5,tp,sl,long,1.0,-0.5,0.5,0.5,2.143075,-0.070523,0.070523,-2.143075,False,CPI
CPI_Sep2025_Delayed,1.0,1.0,tp,sl,long,1.0,-1.0,0.0,0.0,2.143075,-0.070523,0.070523,-2.143075,False,CPI
CPI_Sep2025_Delayed,1.0,1.5,tp,sl,long,1.0,-1.5,-0.5,-0.5,2.143075,-0.070523,0.070523,-2.143075,False,CPI
CPI_Sep2025_Delayed,1.0,2.0,tp,sl,long,1.0,-2.0,-1.0,-1.0,2.143075,-0.070523,0.070523,-2.143075,False,CPI
CPI_Sep2025_Delayed,1.5,0.5,tp,sl,long,1.5,-0.5,1.0,1.0,2.143075,-0.070523,0.070523,-2.143075,False,CPI
CPI_Sep2025_Delayed,1.5,1.0,tp,sl,long,1.5,-1.0,0.5,0.5,2.143075,-0.070523,0.070523,-2.143075,False,CPI
CPI_Sep2025_Delayed,1.5,1.5,tp,sl,long,1.5,-1.5,0.0,0.0,2.143075,-0.070523,0.070523,-2.143075,False,CPI
CPI_Sep2025_Delayed,1.5,2.0,tp,sl,long,1.5,-2.0,-0.5,-0.5,2.143075,-0.070523,0.070523,-2.143075,False,CPI
CPI_Sep2025_Delayed,2.0,0.5,tp,sl,long,2.0,-0.5,1.5,1.5,2.143075,-0.070523,0.070523,-2.143075,False,CPI
CPI_Sep2025_Delayed,2.0,1.0,tp,sl,long,2.0,-1.0,1.0,1.0,2.143075,-0.070523,0.070523,-2.143075,False,CPI
CPI_Sep2025_Delayed,2.0,1.5,tp,sl,long,2.0,-1.5,0.5,0.5,2.143075,-0.070523,0.070523,-2.143075,False,CPI
CPI_Sep2025_Delayed,2.0,2.0,tp,sl,long,2.0,-2.0,0.0,0.0,2.143075,-0.070523,0.070523,-2.143075,False,CPI
CPI_Sep2025_Delayed,3.0,0.5,sl,sl,none,-0.5,-0.5,-1.0,-1.0,2.143075,-0.703196,0.070523,-2.143075,False,CPI
CPI_Sep2025_Delayed,3.0,1.0,sl,sl,none,-1.0,-1.0,-2.0,-2.0,2.143075,-1.090056,0.070523,-2.143075,False,CPI
CPI_Sep2025_Delayed,3.0,1.5,timeout,sl,none,-1.13724,-1.5,-2.63724,-2.63724,2.143075,-1.259006,0.070523,-2.143075,False,CPI
CPI_Sep2025_Delayed,3.0,2.0,timeout,sl,none,-1.13724,-2.0,-3.13724,-3.13724,2.143075,-1.259006,0.070523,-2.143075,False,CPI
FOMC_Press_Conference_Oct,0.5,0.5,sl,tp,short,-0.5,0.5,0.0,0.0,0.231007,-2.524559,2.524559,-0.231007,False,FOMC_PRESS_CONFERENCE
FOMC_Press_Conference_Oct,0.5,1.0,sl,tp,short,-1.0,0.5,-0.5,-0.5,0.231007,-2.524559,2.524559,-0.231007,False,FOMC_PRESS_CONFERENCE
FOMC_Press_Conference_Oct,0.5,1.5,sl,tp,short,-1.5,0.5,-1.0,-1.0,0.231007,-2.524559,2.524559,-0.231007,False,FOMC_PRESS_CONFERENCE
FOMC_Press_Conference_Oct,0.5,2.0,sl,tp,short,-2.0,0.5,-1.5,-1.5,0.231007,-2.524559,2.524559,-0.231007,False,FOMC_PRESS_CONFERENCE
FOMC_Press_Conference_Oct,1.0,0.5,sl,tp,short,-0.5,1.0,0.5,0.5,0.231007,-2.524559,2.524559,-0.231007,False,FOMC_PRESS_CONFERENCE
FOMC_Press_Conference_Oct,1.0,1.0,sl,tp,short,-1.0,1.0,0.0,0.0,0.231007,-2.524559,2.524559,-0.231007,False,FOMC_PRESS_CONFERENCE
FOMC_Press_Conference_Oct,1.0,1.5,sl,tp,short,-1.5,1.0,-0.5,-0.5,0.231007,-2.524559,2.524559,-0.231007,False,FOMC_PRESS_CONFERENCE
FOMC_Press_Conference_Oct,1.0,2.0,sl,tp,short,-2.0,1.0,-1.0,-1.0,0.231007,-2.524559,2.524559,-0.231007,False,FOMC_PRESS_CONFERENCE
FOMC_Press_Conference_Oct,1.5,0.5,sl,tp,short,-0.5,1.5,1.0,1.0,0.231007,-2.524559,2.524559,-0.231007,False,FOMC_PRESS_CONFERENCE
FOMC_Press_Conference_Oct,1.5,1.0,sl,tp,short,-1.0,1.5,0.5,0.5,0.231007,-2.524559,2.524559,-0.231007,False,FOMC_PRESS_CONFERENCE
FOMC_Press_Conference_Oct,1.5,1.5,sl,tp,short,-1.5,1.5,0.0,0.0,0.231007,-2.524559,2.524559,-0.231007,False,FOMC_PRESS_CONFERENCE
FOMC_Press_Conference_Oct,1.5,2.0,sl,tp,short,-2.0,1.5,-0.5,-0.5,0.231007,-2.524559,2.524559,-0.231007,False,FOMC_PRESS_CONFERENCE
FOMC_Press_Conference_Oct,2.0,0.5,sl,tp,short,-0.5,2.0,1.5,1.5,0.231007,-2.524559,2.524559,-0.231007,False,FOMC_PRESS_CONFERENCE
FOMC_Press_Conference_Oct,2.0,1.0,sl,tp,short,-1.0,2.0,1.0,1.0,0.231007,-2.524559,2.524559,-0.231007,False,FOMC_PRESS_CONFERENCE
FOMC_Press_Conference_Oct,2.0,1.5,sl,tp,short,-1.5,2.0,0.5,0.5,0.231007,-2.524559,2.524559,-0.231007,False,FOMC_PRESS_CONFERENCE
FOMC_Press_Conference_Oct,2.0,2.0,sl,tp,short,-2.0,2.0,0.0,0.0,0.231007,-2.524559,2.524559,-0.231007,False,FOMC_PRESS_CONFERENCE
FOMC_Press_Conference_Oct,3.0,0.5,sl,tp,short,-0.5,3.0,2.5,2.5,0.231007,-2.524559,3.017107,-0.231007,False,FOMC_PRESS_CONFERENCE
FOMC_Press_Conference_Oct,3.0,1.0,sl,tp,short,-1.0,3.0,2.0,2.0,0.231007,-2.524559,3.017107,-0.231007,False,FOMC_PRESS_CONFERENCE
FOMC_Press_Conference_Oct,3.0,1.5,sl,tp,short,-1.5,3.0,1.5,1.5,0.231007,-2.524559,3.017107,-0.231007,False,FOMC_PRESS_CONFERENCE
FOMC_Press_Conference_Oct,3.0,2.0,sl,tp,short,-2.0,3.0,1.0,1.0,0.231007,-2.524559,3.017107,-0.231007,False,FOMC_PRESS_CONFERENCE
FOMC_Press_Conference_Dec,0.5,0.5,sl,tp,short,-0.5,0.5,0.0,0.0,0.401551,-0.691871,0.691871,-0.401551,False,FOMC_PRESS_CONFERENCE
FOMC_Press_Conference_Dec,0.5,1.0,tp,tp,short,0.5,0.5,1.0,1.0,0.520452,-0.691871,0.691871,-0.401551,False,FOMC_PRESS_CONFERENCE
FOMC_Press_Conference_Dec,0.5,1.5,tp,tp,short,0.5,0.5,1.0,1.0,0.520452,-0.691871,0.691871,-0.401551,False,FOMC_PRESS_CONFERENCE
FOMC_Press_Conference_Dec,0.5,2.0,tp,tp,short,0.5,0.5,1.0,1.0,0.520452,-0.691871,0.691871,-0.401551,False,FOMC_PRESS_CONFERENCE
FOMC_Press_Conference_Dec,1.0,0.5,sl,sl,long,-0.5,-0.5,-1.0,-1.0,0.401551,-0.691871,0.691871,-0.520452,False,FOMC_PRESS_CONFERENCE
FOMC_Press_Conference_Dec,1.0,1.0,tp,sl,long,1.0,-1.0,0.0,0.0,1.045035,-0.915217,0.915217,-1.045035,False,FOMC_PRESS_CONFERENCE
FOMC_Press_Conference_Dec,1.0,1.5,tp,sl,long,1.0,-1.5,-0.5,-0.5,1.045035,-0.915217,0.915217,-1.525952,False,FOMC_PRESS_CONFERENCE
FOMC_Press_Conference_Dec,1.0,2.0,tp,tp,long,1.0,1.0,2.0,2.0,1.045035,-0.915217,1.013761,-1.674652,False,FOMC_PRESS_CONFERENCE
FOMC_Press_Conference_Dec,1.5,0.5,sl,sl,long,-0.5,-0.5,-1.0,-1.0,0.401551,-0.691871,0.691871,-0.520452,False,FOMC_PRESS_CONFERENCE
FOMC_Press_Conference_Dec,1.5,1.0,tp,sl,long,1.5,-1.0,0.5,0.5,1.525952,-0.915217,0.915217,-1.045035,False,FOMC_PRESS_CONFERENCE
FOMC_Press_Conference_Dec,1.5,1.5,tp,sl,long,1.5,-1.5,0.0,0.0,1.525952,-0.915217,0.915217,-1.525952,False,FOMC_PRESS_CONFERENCE
FOMC_Press_Conference_Dec,1.5,2.0,tp,tp,long,1.5,1.5,3.0,3.0,1.525952,-0.915217,1.662851,-1.674652,False,FOMC_PRESS_CONFERENCE
FOMC_Press_Conference_Dec,2.0,0.5,sl,sl,none,-0.5,-0.5,-1.0,-1.0,0.401551,-0.691871,0.691871,-0.520452,False,FOMC_PRESS_CONFERENCE
FOMC_Press_Conference_Dec,2.0,1.0,sl,sl,none,-1.0,-1.0,-2.0,-2.0,1.674652,-1.013761,0.915217,-1.045035,False,FOMC_PRESS_CONFERENCE
FOMC_Press_Conference_Dec,2.0,1.5,sl,sl,none,-1.5,-1.5,-3.0,-3.0,1.674652,-1.662851,0.915217,-1.525952,False,FOMC_PRESS_CONFERENCE
FOMC_Press_Conference_Dec,2.0,2.0,timeout,timeout,none,-1.237402,1.237402,0.0,0.0,1.674652,-1.810371,1.810371,-1.674652,False,FOMC_PRESS_CONFERENCE
FOMC_Press_Conference_Dec,3.0,0.5,sl,sl,none,-0.5,-0.5,-1.0,-1.0,0.401551,-0.691871,0.691871,-0.520452,False,FOMC_PRESS_CONFERENCE
FOMC_Press_Conference_Dec,3.0,1.0,sl,sl,none,-1.0,-1.0,-2.0,-2.0,1.674652,-1.013761,0.915217,-1.045035,False,FOMC_PRESS_CONFERENCE
FOMC_Press_Conference_Dec,3.0,1.5,sl,sl,none,-1.5,-1.5,-3.0,-3.0,1.674652,-1.662851,0.915217,-1.525952,False,FOMC_PRESS_CONFERENCE
FOMC_Press_Conference_Dec,3.0,2.0,timeout,timeout,none,-1.237402,1.237402,0.0,0.0,1.674652,-1.810371,1.810371,-1.674652,False,FOMC_PRESS_CONFERENCE
CPI_Nov2025_Delayed,0.5,0.5,tp,sl,long,0.5,-0.5,0.0,0.0,1.279391,-0.242047,0.242047,-1.279391,False,CPI
CPI_Nov2025_Delayed,0.5,1.0,tp,sl,long,0.5,-1.0,-0.5,-0.5,1.279391,-0.242047,0.242047,-1.279391,False,CPI
CPI_Nov2025_Delayed,0.5,1.5,tp,sl,long,0.5,-1.5,-1.0,-1.0,1.279391,-0.242047,0.242047,-1.759682,False,CPI
CPI_Nov2025_Delayed,0.5,2.0,tp,sl,long,0.5,-2.0,-1.5,-1.5,1.279391,-0.242047,0.242047,-2.390041,False,CPI
CPI_Nov2025_Delayed,1.0,0.5,tp,sl,long,1.0,-0.5,0.5,0.5,1.279391,-0.242047,0.242047,-1.279391,False,CPI
CPI_Nov2025_Delayed,1.0,1.0,tp,sl,long,1.0,-1.0,0.0,0.0,1.279391,-0.242047,0.242047,-1.279391,False,CPI
CPI_Nov2025_Delayed,1.0,1.5,tp,sl,long,1.0,-1.5,-0.5,-0.5,1.279391,-0.242047,0.242047,-1.759682,False,CPI
CPI_Nov2025_Delayed,1.0,2.0,tp,sl,long,1.0,-2.0,-1.0,-1.0,1.279391,-0.242047,0.242047,-2.390041,False,CPI
CPI_Nov2025_Delayed,1.5,0.5,tp,sl,long,1.5,-0.5,1.0,1.0,1.759682,-0.242047,0.242047,-1.279391,False,CPI
CPI_Nov2025_Delayed,1.5,1.0,tp,sl,long,1.5,-1.0,0.5,0.5,1.759682,-0.242047,0.242047,-1.279391,False,CPI
CPI_Nov2025_Delayed,1.5,1.5,tp,sl,long,1.5,-1.5,0.0,0.0,1.759682,-0.242047,0.242047,-1.759682,False,CPI
CPI_Nov2025_Delayed,1.5,2.0,tp,sl,long,1.5,-2.0,-0.5,-0.5,1.759682,-0.242047,0.242047,-2.390041,False,CPI
CPI_Nov2025_Delayed,2.0,0.5,tp,sl,long,2.0,-0.5,1.5,1.5,2.390041,-0.242047,0.242047,-1.279391,False,CPI
CPI_Nov2025_Delayed,2.0,1.0,tp,sl,long,2.0,-1.0,1.0,1.0,2.390041,-0.242047,0.242047,-1.279391,False,CPI
CPI_Nov2025_Delayed,2.0,1.5,tp,sl,long,2.0,-1.5,0.5,0.5,2.390041,-0.242047,0.242047,-1.759682,False,CPI
CPI_Nov2025_Delayed,2.0,2.0,tp,sl,long,2.0,-2.0,0.0,0.0,2.390041,-0.242047,0.242047,-2.390041,False,CPI
CPI_Nov2025_Delayed,3.0,0.5,tp,sl,long,3.0,-0.5,2.5,2.5,3.031466,-0.242047,0.242047,-1.279391,False,CPI
CPI_Nov2025_Delayed,3.0,1.0,tp,sl,long,3.0,-1.0,2.0,2.0,3.031466,-0.242047,0.242047,-1.279391,False,CPI
CPI_Nov2025_Delayed,3.0,1.5,tp,sl,long,3.0,-1.5,1.5,1.5,3.031466,-0.242047,0.242047,-1.759682,False,CPI
CPI_Nov2025_Delayed,3.0,2.0,tp,sl,long,3.0,-2.0,1.0,1.0,3.031466,-0.242047,0.242047,-2.390041,False,CPI
